<?xml version="1.0" encoding="UTF-8"?>
    <addon id="kodi.addons" name="Kodi addons" version="1.0.2" provider-name="Pampyras">
        <requires>
            <import addon="xbmc.addon" version="12.0.0"/>
        </requires>
        <extension point="xbmc.addon.repository" name="Kodi addons">
            <info compressed="false">https://raw.githubusercontent.com/pampyras/kodi/master/_repo/addons.xml</info>
            <checksum>https://raw.githubusercontent.com/pampyras/kodi/master/_repo/addons.xml.md5</checksum>
            <datadir zip="true">https://raw.githubusercontent.com/pampyras/kodi/master/_repo/</datadir>
            <hashes>false</hashes>
        </extension>
        <extension point="xbmc.addon.metadata">
            <summary>Kodi addons</summary>
            <description>Kodi addons</description>
            <platform>all</platform>
    </extension>
</addon>