<?xml version="1.0" encoding="UTF-8"?>
<addon id="plugin.video.filmux"
version="2.4.3"
name="Filmux.org"
provider-name="pampyras">
<requires>
  <import addon="xbmc.python" version="2.24.0"/>
  <import addon="script.module.beautifulsoup4" version="4.3.2"/>
  <import addon="script.module.urllib3" version="1.25.1"/>
  <import addon="script.module.requests" version="2.20.1"/>
</requires>
<extension point="xbmc.python.pluginsource" library="main.py">
  <provides>video</provides>
</extension>
<extension point="xbmc.addon.metadata">
  <summary lang="en">Parse filmux.org videos</summary>
  <description lang="en">Parse filmux.org videos</description>
  <disclaimer lang="en">Parse filmux.org videos</disclaimer>
  <assets>
    <icon>icon.png</icon>
    <fanart>fanart.jpg</fanart> 
  </assets>
  <news>Updated with latest artwork metadata</news>
</extension>
</addon>
